type,name,description,owner,region,endpoint,version,sourceService,targetService,protocol,sourceEntity,relationshipType,targetEntity,config_key1,config_value1,config_key2,config_value2
Environment,production-aws,Production AWS Environment,DevOps Team,us-east-1,https://prod-aws.example.com,,,,,,,cluster-type,Application-Cluster,timeout,60s
Integration,api-gateway,API Gateway Integration,Platform Team,,,,api-gateway,customer-api,HTTPS,production-aws,integrates,customer-api,timeout,30s,max-retries,5
Application,customer-api,Customer Management API,Backend Team,,,,v2.1.0,,,,,,,timeout,20s,production-grade,true
Environment,staging-azure,Staging Azure Environment,DevOps Team,eastus,https://staging-azure.example.com,,,,,,,cluster-type,Application-Cluster,timeout,45s
Integration,service-mesh,Service Mesh Integration,Platform Team,,,,service-mesh,order-service,gRPC,staging-azure,integrates,order-service,timeout,25s,protocol-version,2.0
Application,order-service,Order Processing Service,Backend Team,,,,v1.8.0,,,,,,,timeout,15s,async-enabled,true
