{
  "app": "npx ts-node --prefer-ts-exts app.ts",
  "watch": {
    "include": [
      "**/*.ts"
    ],
    "exclude": [
      "README.md",
      "cdk*.json",
      "**/*.d.ts",
      "**/*.js",
      "tsconfig.json",
      "package*.json",
      "yarn.lock",
      "node_modules",
      "test"
    ]
  },
  "context": {
    "@aws-cdk/aws-lambda:recognizeLayerVersion": true,
    "@aws-cdk/core:checkSecretUsage": true,
    "@aws-cdk/core:target-partitions": [
      "aws",
      "aws-cn"
    ],
    "@aws-cdk/core:enablePartitionLiterals": true,
    "@aws-cdk/aws-events:eventsTargetQueueSameAccount": true,
    "@aws-cdk/aws-iam:standardizedServicePrincipals": true,
    "@aws-cdk/aws-ecs:disableExplicitDeploymentControllerForCircuitBreaker": true,
    "@aws-cdk/aws-iam:importedRoleStackSafeDefaultPolicyName": true,
    "@aws-cdk/aws-s3:serverAccessLogsUseBucketPolicy": true,
    "@aws-cdk/customresources:installLatestAwsSdkDefault": false,
    "@aws-cdk/aws-ec2:restrictDefaultSecurityGroup": true,
    "@aws-cdk/aws-lambda:useLatestRuntimeVersion": true
  }
}
