{
  "entities": [
    {
      "type": "Integration",
      "name": "PasClaimsMicroService",
      "description": "PasClaimsMicroService integration",
      "sourceService": "",
      "targetService": "",
      "protocol": "",
      "owner": "",
      "configurations": {
        "aaaClaimsMicroService.microservice.url": "https://example.com/api/claims",
        "aaaClaimsMicroService.microservice.timeout": "30000"
      }
    },
    {
      "type": "Integration",
      "name": "CognosBUrl",
      "description": "Cognos BI URL configuration",
      "sourceService": "",
      "targetService": "",
      "protocol": "",
      "owner": "",
      "configurations": {
        "iisReportingConfig.url": "https://cognos.example.com/bi"
      }
    },
    {
      "type": "Integration",
      "name": "RetrieveSpecialityPolicy",
      "description": "Retrieve Speciality Policy Service",
      "sourceService": "",
      "targetService": "",
      "protocol": "",
      "owner": "",
      "configurations": {
        "retrieveSpecialityPolicy.endpoint": "https://api.example.com/policies"
      }
    },
    {
      "type": "Environment",
      "name": "Production",
      "description": "Production environment",
      "region": "us-east-1",
      "endpoint": "https://prod.example.com",
      "owner": "DevOps Team",
      "configurations": {
        "maxConnections": "100",
        "timeout": "5000"
      }
    },
    {
      "type": "Application",
      "name": "CustomerPortal",
      "description": "Customer facing web application",
      "version": "2.5.0",
      "owner": "Frontend Team",
      "configurations": {
        "port": "8080",
        "apiUrl": "https://api.example.com"
      },
      "relationships": [
        {
          "type": "deploysTo",
          "target": "Production"
        }
      ]
    }
  ]
}
