type,name,description,owner,region,endpoint,version,sourceService,targetService,protocol,sourceEntity,relationshipType,targetEntity,config_timeout,config_max-retries
Environment,production-aws,Production AWS Environment,DevOps Team,us-east-1,https://prod-aws.example.com,,,,,,,Application-Cluster,60s,3
Integration,api-gateway,API Gateway Integration,Platform Team,,,,api-gateway,customer-api,HTTPS,production-aws,integrates,customer-api,30s,5
Application,customer-api,Customer Management API,Backend Team,,,,v2.1.0,,,,,,,20s,3
Environment,staging-azure,Staging Azure Environment,DevOps Team,eastus,https://staging-azure.example.com,,,,,,,Application-Cluster,45s,3
Integration,service-mesh,Service Mesh Integration,Platform Team,,,,service-mesh,order-service,gRPC,staging-azure,integrates,order-service,25s,3
Application,order-service,Order Processing Service,Backend Team,,,,v1.8.0,,,,,,,15s,3
