{
  "SRE-POC-NeptuneEnvironmentStack": {
    "SREPOCNeptuneClusterReadEndpoint": "sre-poc-neptune-environment-cluster.cluster-ro-cozk0yo0m542.us-east-1.neptune.amazonaws.com",
    "SREPOCDataBucketName": "sre-poc-neptuneenvironmen-srepocenvironmentdatabuc-bfupkrnfvavh",
    "SREPOCQueryLambdaArn": "arn:aws:lambda:us-east-1:058070818367:function:SRE-POC-NeptuneEnvironmen-SREPOCQueryLambda86E77C7-vTGFYzio1mK5",
    "SREPOCQueryApiUrl": "https://c3nmv3i0v5.execute-api.us-east-1.amazonaws.com/prod/query",
    "SREPOCCleanupFunctionUrl": "https://n5eprtmwqgcdgs3vosfsd36s6i0mgyfo.lambda-url.us-east-1.on.aws/",
    "SREPOCApiGatewayUrl": "https://c3nmv3i0v5.execute-api.us-east-1.amazonaws.com/prod/",
    "SREPOCVpcId": "vpc-0a363d3ad19e4c481",
    "SREPOCNeptuneClusterEndpoint": "sre-poc-neptune-environment-cluster.cluster-cozk0yo0m542.us-east-1.neptune.amazonaws.com",
    "SREPOCCleanupApiUrl": "https://c3nmv3i0v5.execute-api.us-east-1.amazonaws.com/prod/cleanup",
    "SREPOCCleanupLambdaArn": "arn:aws:lambda:us-east-1:058070818367:function:SRE-POC-NeptuneEnvironmen-SREPOCCleanupLambda64D28-5rjnd58yM5jv",
    "SREPOCIngestionLambdaArn": "arn:aws:lambda:us-east-1:058070818367:function:SRE-POC-NeptuneEnvironmen-SREPOCIngestionLambdaBF4-Xbcw5vBA6DcV",
    "SREPOCQueryFunctionUrl": "https://43dbhyvaobmac2cjwwixuwbpf40xqghg.lambda-url.us-east-1.on.aws/",
    "SREPOCIngestionApiUrl": "https://c3nmv3i0v5.execute-api.us-east-1.amazonaws.com/prod/ingest",
    "SREPOCNeptuneEnvironmentApiEndpoint9EB36E74": "https://c3nmv3i0v5.execute-api.us-east-1.amazonaws.com/prod/",
    "SREPOCIngestionFunctionUrl": "https://k7qkcipzpxnmx7eeiduedpadxq0wczqa.lambda-url.us-east-1.on.aws/"
  }
}
