<?xml version="1.0" encoding="UTF-8"?>
<configuration>
    <appender name="CONSOLE" class="ch.qos.logback.core.ConsoleAppender">
        <encoder>
            <pattern>%d{yyyy-MM-dd HH:mm:ss} [%thread] %-5level %logger{36} - %msg%n</pattern>
        </encoder>
    </appender>

    <appender name="FILE" class="ch.qos.logback.core.rolling.RollingFileAppender">
        <file>target/logs/framework.log</file>
        <rollingPolicy class="ch.qos.logback.core.rolling.TimeBasedRollingPolicy">
            <fileNamePattern>target/logs/framework.%d{yyyy-MM-dd}.log</fileNamePattern>
            <maxHistory>30</maxHistory>
        </rollingPolicy>
        <encoder>
            <pattern>%d{yyyy-MM-dd HH:mm:ss} [%thread] %-5level %logger{36} - %msg%n</pattern>
        </encoder>
    </appender>

    <appender name="PERFORMANCE" class="ch.qos.logback.core.rolling.RollingFileAppender">
        <file>target/logs/performance.log</file>
        <rollingPolicy class="ch.qos.logback.core.rolling.TimeBasedRollingPolicy">
            <fileNamePattern>target/logs/performance.%d{yyyy-MM-dd}.log</fileNamePattern>
            <maxHistory>30</maxHistory>
        </rollingPolicy>
        <encoder>
            <pattern>%d{yyyy-MM-dd HH:mm:ss} | %msg%n</pattern>
        </encoder>
    </appender>

    <!-- Framework loggers -->
    <logger name="com.performance.framework" level="DEBUG" additivity="false">
        <appender-ref ref="CONSOLE"/>
        <appender-ref ref="FILE"/>
    </logger>

    <!-- Performance specific logger -->
    <logger name="com.performance.framework.performance" level="INFO" additivity="false">
        <appender-ref ref="CONSOLE"/>
        <appender-ref ref="PERFORMANCE"/>
    </logger>

    <!-- Selenium and WebDriver logging -->
    <logger name="org.openqa.selenium" level="WARN"/>
    <logger name="io.github.bonigarcia" level="WARN"/>

    <!-- OpenSearch client logging -->
    <logger name="org.opensearch" level="WARN"/>
    <logger name="org.apache.http" level="WARN"/>

    <root level="INFO">
        <appender-ref ref="CONSOLE"/>
        <appender-ref ref="FILE"/>
    </root>
</configuration>
